{
  "渭门桥": {
    "station": "渭门桥",
    "base_mse": 0.055279,
    "feature_importance": {
      "DO_diff": 0.5469,
      "电导率": 0.1766,
      "DO_24h_mean": 0.1335,
      "temp_diff": 0.1219,
      "溶解氧": 0.0706,
      "pH": 0.068,
      "hour_cos": 0.0597,
      "hour_sin": 0.0337,
      "DO_24h_std": 0.0229,
      "高锰酸盐指数": 0.015,
      "总磷": 0.0135,
      "dayofyear_sin": 0.0002,
      "总氮": -0.0068,
      "dayofyear_cos": -0.0128,
      "氨氮": -0.0182,
      "浊度": -0.0496,
      "temp_24h_mean": -0.0515,
      "DO_72h_mean": -0.0529,
      "水温": -0.0708
    },
    "attention_weights": {
      "t-18(72h前)": 0.0089,
      "t-17(68h前)": 0.0091,
      "t-16(64h前)": 0.0095,
      "t-15(60h前)": 0.0101,
      "t-14(56h前)": 0.0111,
      "t-13(52h前)": 0.0127,
      "t-12(48h前)": 0.0151,
      "t-11(44h前)": 0.0187,
      "t-10(40h前)": 0.024,
      "t-9(36h前)": 0.032,
      "t-8(32h前)": 0.0433,
      "t-7(28h前)": 0.0584,
      "t-6(24h前)": 0.0766,
      "t-5(20h前)": 0.0962,
      "t-4(16h前)": 0.1157,
      "t-3(12h前)": 0.1345,
      "t-2(8h前)": 0.1529,
      "t-1(4h前)": 0.1713
    }
  },
  "都江堰水文站": {
    "station": "都江堰水文站",
    "base_mse": 0.829009,
    "feature_importance": {
      "溶解氧": 0.3289,
      "DO_24h_std": 0.2802,
      "DO_diff": 0.1729,
      "DO_24h_mean": 0.0581,
      "高锰酸盐指数": 0.0558,
      "temp_diff": 0.0362,
      "DO_72h_mean": 0.0192,
      "电导率": 0.0164,
      "pH": 0.0136,
      "浊度": 0.0089,
      "总氮": 0.0063,
      "hour_sin": 0.0052,
      "水温": 0.0021,
      "氨氮": 0.0014,
      "总磷": 0.0004,
      "hour_cos": -0.0004,
      "temp_24h_mean": -0.0011,
      "dayofyear_cos": -0.0014,
      "dayofyear_sin": -0.0026
    },
    "attention_weights": {
      "t-18(72h前)": 0.0104,
      "t-17(68h前)": 0.0117,
      "t-16(64h前)": 0.014,
      "t-15(60h前)": 0.0175,
      "t-14(56h前)": 0.0224,
      "t-13(52h前)": 0.0283,
      "t-12(48h前)": 0.0346,
      "t-11(44h前)": 0.0409,
      "t-10(40h前)": 0.0471,
      "t-9(36h前)": 0.0535,
      "t-8(32h前)": 0.0602,
      "t-7(28h前)": 0.0672,
      "t-6(24h前)": 0.0748,
      "t-5(20h前)": 0.083,
      "t-4(16h前)": 0.0922,
      "t-3(12h前)": 0.1023,
      "t-2(8h前)": 0.1137,
      "t-1(4h前)": 0.1261
    }
  },
  "岳店子下": {
    "station": "岳店子下",
    "base_mse": 0.260109,
    "feature_importance": {
      "hour_cos": 0.5296,
      "hour_sin": 0.4503,
      "氨氮": 0.0193,
      "DO_diff": 0.0148,
      "溶解氧": 0.0109,
      "总氮": 0.0091,
      "高锰酸盐指数": 0.0048,
      "浊度": 0.0048,
      "pH": 0.0024,
      "temp_24h_mean": 0.0022,
      "dayofyear_cos": 0.0018,
      "temp_diff": 0.0005,
      "水温": 0.0003,
      "电导率": 0.0001,
      "dayofyear_sin": -0.001,
      "DO_72h_mean": -0.0063,
      "DO_24h_mean": -0.0071,
      "总磷": -0.0105,
      "DO_24h_std": -0.026
    },
    "attention_weights": {
      "t-18(72h前)": 0.0254,
      "t-17(68h前)": 0.028,
      "t-16(64h前)": 0.0292,
      "t-15(60h前)": 0.0299,
      "t-14(56h前)": 0.0313,
      "t-13(52h前)": 0.0334,
      "t-12(48h前)": 0.0353,
      "t-11(44h前)": 0.0379,
      "t-10(40h前)": 0.0423,
      "t-9(36h前)": 0.0486,
      "t-8(32h前)": 0.0568,
      "t-7(28h前)": 0.0652,
      "t-6(24h前)": 0.0717,
      "t-5(20h前)": 0.0767,
      "t-4(16h前)": 0.0825,
      "t-3(12h前)": 0.0912,
      "t-2(8h前)": 0.1023,
      "t-1(4h前)": 0.1122
    }
  },
  "悦来渡口": {
    "station": "悦来渡口",
    "base_mse": 0.066319,
    "feature_importance": {
      "浊度": 0.3337,
      "temp_diff": 0.196,
      "DO_diff": 0.1959,
      "氨氮": 0.1327,
      "总氮": 0.1326,
      "溶解氧": 0.1002,
      "hour_sin": 0.0413,
      "水温": 0.0342,
      "hour_cos": 0.0263,
      "DO_24h_mean": 0.024,
      "temp_24h_mean": 0.0199,
      "DO_72h_mean": 0.0084,
      "DO_24h_std": 0.0061,
      "dayofyear_sin": -0.0015,
      "dayofyear_cos": -0.0046,
      "电导率": -0.0067,
      "总磷": -0.0305,
      "pH": -0.0959,
      "高锰酸盐指数": -0.1119
    },
    "attention_weights": {
      "t-18(72h前)": 0.0282,
      "t-17(68h前)": 0.0299,
      "t-16(64h前)": 0.032,
      "t-15(60h前)": 0.0344,
      "t-14(56h前)": 0.0371,
      "t-13(52h前)": 0.0402,
      "t-12(48h前)": 0.0436,
      "t-11(44h前)": 0.0473,
      "t-10(40h前)": 0.0513,
      "t-9(36h前)": 0.0555,
      "t-8(32h前)": 0.0599,
      "t-7(28h前)": 0.0644,
      "t-6(24h前)": 0.0689,
      "t-5(20h前)": 0.0733,
      "t-4(16h前)": 0.0776,
      "t-3(12h前)": 0.0817,
      "t-2(8h前)": 0.0855,
      "t-1(4h前)": 0.0892
    }
  },
  "月波": {
    "station": "月波",
    "base_mse": 0.067276,
    "feature_importance": {
      "DO_diff": 0.7478,
      "总氮": 0.684,
      "电导率": 0.167,
      "DO_24h_mean": 0.144,
      "temp_diff": 0.0871,
      "hour_cos": 0.0755,
      "DO_24h_std": 0.0462,
      "浊度": 0.0438,
      "dayofyear_cos": 0.0202,
      "hour_sin": 0.0169,
      "水温": 0.0085,
      "dayofyear_sin": -0.0098,
      "temp_24h_mean": -0.0148,
      "DO_72h_mean": -0.0273,
      "溶解氧": -0.0904,
      "pH": -0.1255,
      "总磷": -0.1536,
      "高锰酸盐指数": -0.2585,
      "氨氮": -0.361
    },
    "attention_weights": {
      "t-18(72h前)": 0.0213,
      "t-17(68h前)": 0.0225,
      "t-16(64h前)": 0.0245,
      "t-15(60h前)": 0.0272,
      "t-14(56h前)": 0.0306,
      "t-13(52h前)": 0.0347,
      "t-12(48h前)": 0.0394,
      "t-11(44h前)": 0.0445,
      "t-10(40h前)": 0.05,
      "t-9(36h前)": 0.0558,
      "t-8(32h前)": 0.0617,
      "t-7(28h前)": 0.0677,
      "t-6(24h前)": 0.0735,
      "t-5(20h前)": 0.0792,
      "t-4(16h前)": 0.0846,
      "t-3(12h前)": 0.0897,
      "t-2(8h前)": 0.0944,
      "t-1(4h前)": 0.0987
    }
  },
  "李码头": {
    "station": "李码头",
    "base_mse": 0.155629,
    "feature_importance": {
      "hour_cos": 0.3703,
      "hour_sin": 0.3516,
      "高锰酸盐指数": 0.1112,
      "总磷": 0.0802,
      "DO_diff": 0.0457,
      "DO_24h_std": 0.0365,
      "temp_diff": 0.035,
      "氨氮": 0.0146,
      "浊度": 0.0083,
      "temp_24h_mean": 0.0045,
      "dayofyear_cos": 0.0027,
      "dayofyear_sin": 0.0007,
      "总氮": -0.0018,
      "pH": -0.0061,
      "水温": -0.0062,
      "溶解氧": -0.0068,
      "DO_72h_mean": -0.0088,
      "DO_24h_mean": -0.0136,
      "电导率": -0.0181
    },
    "attention_weights": {
      "t-18(72h前)": 0.0336,
      "t-17(68h前)": 0.0327,
      "t-16(64h前)": 0.0316,
      "t-15(60h前)": 0.032,
      "t-14(56h前)": 0.0336,
      "t-13(52h前)": 0.0356,
      "t-12(48h前)": 0.0376,
      "t-11(44h前)": 0.0402,
      "t-10(40h前)": 0.0441,
      "t-9(36h前)": 0.0496,
      "t-8(32h前)": 0.0563,
      "t-7(28h前)": 0.0628,
      "t-6(24h前)": 0.0681,
      "t-5(20h前)": 0.0728,
      "t-4(16h前)": 0.0786,
      "t-3(12h前)": 0.0865,
      "t-2(8h前)": 0.0968,
      "t-1(4h前)": 0.1074
    }
  },
  "姜公堰": {
    "station": "姜公堰",
    "base_mse": 0.22238,
    "feature_importance": {
      "溶解氧": 0.3165,
      "DO_diff": 0.2206,
      "hour_sin": 0.1426,
      "水温": 0.1223,
      "总氮": 0.0935,
      "电导率": 0.0889,
      "temp_diff": 0.0585,
      "temp_24h_mean": 0.0517,
      "浊度": 0.0382,
      "DO_24h_mean": 0.0354,
      "hour_cos": 0.0345,
      "pH": 0.0296,
      "dayofyear_cos": -0.0003,
      "dayofyear_sin": -0.0015,
      "DO_72h_mean": -0.0064,
      "DO_24h_std": -0.013,
      "高锰酸盐指数": -0.0645,
      "总磷": -0.071,
      "氨氮": -0.0758
    },
    "attention_weights": {
      "t-18(72h前)": 0.0206,
      "t-17(68h前)": 0.0194,
      "t-16(64h前)": 0.0189,
      "t-15(60h前)": 0.0193,
      "t-14(56h前)": 0.0204,
      "t-13(52h前)": 0.0224,
      "t-12(48h前)": 0.0252,
      "t-11(44h前)": 0.0288,
      "t-10(40h前)": 0.0333,
      "t-9(36h前)": 0.0389,
      "t-8(32h前)": 0.0461,
      "t-7(28h前)": 0.0551,
      "t-6(24h前)": 0.0659,
      "t-5(20h前)": 0.0786,
      "t-4(16h前)": 0.0938,
      "t-3(12h前)": 0.1125,
      "t-2(8h前)": 0.1359,
      "t-1(4h前)": 0.165
    }
  }
}